Country Name,0
Brazil,1.7528918779999996
China,1.2098747663548386
Canada,1.223770840483871
Denmark,0.3967413329516129
Finland,0.36126391767741933
Italy,0.26233906691935477
